2940,post/multi/escalate/metasploit_pcaplog,[]
9200,exploits/multi/elasticsearch/script_mvel_rce,[]
9200,exploits/multi/elasticsearch/search_groovy_script,[]
80,exploits/multi/wyse/hagent_untrusted_hsdata,[]
3690,exploits/multi/svn/svnserve_date,[]
21,exploits/multi/ftp/pureftpd_bash_env_exec,[]
21,exploits/multi/ftp/wuftpd_site_exec_format,[]
22,exploits/multi/ssh/sshexec,[PASSWORD]
80,exploits/multi/http/sonicwall_gms_upload,[]
8080,exploits/multi/http/hp_sitescope_issuesiebelcmd,[]
8080,exploits/multi/http/jboss_bshdeployer,[]
443,exploits/multi/http/op5_license,[]
9090,exploits/multi/http/openfire_auth_bypass,[]
631,exploits/multi/http/cups_bash_env_exec,[PASSWORD]
8080,exploits/multi/http/struts_default_action_mapper,[]
80,exploits/multi/http/opmanager_socialit_file_upload,[]
8080,exploits/multi/http/jboss_invoke_deploy,[]
8080,exploits/multi/http/struts_include_params,[]
8001,exploits/multi/http/visual_mining_netcharts_upload,[]
80,exploits/multi/http/rails_xml_yaml_code_exec,[]
443,exploits/multi/http/op5_welcome,[]
9000,exploits/multi/http/solarwinds_store_manager_auth_filter,[]
8080,exploits/multi/http/jboss_deploymentfilerepository,[]
8400,exploits/multi/http/eventlog_file_upload,[]
80,exploits/multi/http/rails_secret_deserialization,[]
8888,exploits/multi/http/rocket_servergraph_file_requestor_rce,[]
443,exploits/multi/http/zenworks_control_center_upload,[]
8080,exploits/multi/http/apache_roller_ognl_injection,[]
8000,exploits/multi/http/splunk_upload_app_exec,[]
8080,exploits/multi/http/struts_dev_mode,[]
8080,exploits/multi/http/struts_code_exec,[URI]
7021,exploits/multi/http/netwin_surgeftp_exec,[]
8080,exploits/multi/http/axis2_deployer,[]
2381,exploits/multi/http/hp_sys_mgmt_exec,[]
8080,exploits/multi/http/jboss_maindeployer,[SRVHOST]
8080,exploits/multi/http/manageengine_auth_upload,[]
9999,exploits/multi/http/uptime_file_upload,[]
8000,exploits/multi/http/splunk_mappy_exec,[]
8080,exploits/multi/http/hp_sitescope_uploadfileshandler,[]
8080,exploits/multi/http/struts_code_exec_parameters,[]
4679,exploits/multi/http/eaton_nsm_code_exec,[]
80,exploits/multi/http/rails_json_yaml_code_exec,[]
7443,exploits/multi/http/hyperic_hq_script_console,[]
8080,exploits/multi/http/struts_code_exec_classloader,[]
8080,exploits/multi/http/plone_popen2,[]
8080,exploits/multi/http/struts_code_exec_exception_delegator,[TARGETURI]
4848,exploits/multi/http/glassfish_deployer,[]
123,exploits/multi/ntp/ntp_overflow,[]
139,exploits/multi/samba/nttrans,[]
139,exploits/multi/samba/usermap_script,[]
1900,exploits/multi/upnp/libupnp_ssdp_overflow,[]
10001,exploits/multi/misc/zend_java_bridge,[]
5555,exploits/multi/misc/hp_data_protector_exec_integutil,[]
921,exploits/multi/misc/wireshark_lwres_getaddrbyname_loop,[]
6667,exploits/multi/misc/pbot_exec,[]
6667,exploits/multi/misc/ra1nx_pubcall_exec,[]
921,exploits/multi/misc/wireshark_lwres_getaddrbyname,[]
12345,exploits/multi/misc/indesign_server_soap,[]
3465,exploits/multi/misc/persistent_hpca_radexec_exec,[]
5555,exploits/multi/misc/openview_omniback_exec,[]
1099,exploits/multi/misc/java_rmi_server,[]
8000,exploits/multi/misc/java_jdwp_debugger,[]
1617,exploits/multi/misc/java_jmx_server,[]
139,exploits/multi/ids/snort_dce_rpc,[]
8000,exploits/multi/sap/sap_soap_rfc_sxpg_call_system_exec,[]
8000,exploits/multi/sap/sap_soap_rfc_sxpg_command_exec,[]
50013,exploits/multi/sap/sap_mgmt_con_osexec_payload,[USERNAME+PASSWORD]
515,exploits/hpux/lpd/cleanup_exec,[]
548,exploits/osx/afp/loginext,[]
8080,exploits/osx/http/evocam_webserver,[]
139,exploits/osx/samba/trans2open,[]
515,exploits/irix/lpd/tagprinter_exec,[]
5060,exploits/windows/sip/sipxezphone_cseq,[]
5061,exploits/windows/sip/aim_triton_cseq,[]
5060,exploits/windows/sip/sipxphone_cseq,[]
2049,exploits/windows/nfs/xlink_nfsd,[]
69,exploits/windows/tftp/opentftp_error_code,[]
69,exploits/windows/tftp/futuresoft_transfermode,[]
69,exploits/windows/tftp/tftpd32_long_filename,[]
69,exploits/windows/tftp/quick_tftp_pro_mode,[]
69,exploits/windows/tftp/tftpdwin_long_filename,[]
69,exploits/windows/tftp/attftp_long_filename,[]
69,exploits/windows/tftp/tftpserver_wrq_bof,[]
69,exploits/windows/tftp/threectftpsvc_long_mode,[]
69,exploits/windows/tftp/dlink_long_filename,[]
23,exploits/windows/scada/procyon_core_server,[]
12401,exploits/windows/scada/igss9_igssdataserver_listall,[]
38080,exploits/windows/scada/iconics_genbroker,[]
12221,exploits/windows/scada/abb_wserver_exec,[]
20111,exploits/windows/scada/yokogawa_bkbcopyd_bof,[]
80,exploits/windows/scada/ge_proficy_cimplicity_gefebt,[]
910,exploits/windows/scada/realwin_on_fcs_login,[]
12397,exploits/windows/scada/igss_exec_17,[]
46824,exploits/windows/scada/winlog_runtime_2,[]
7580,exploits/windows/scada/factorylink_csservice,[]
910,exploits/windows/scada/realwin_on_fc_binfile_a,[]
11234,exploits/windows/scada/scadapro_cmdexe,[]
4322,exploits/windows/scada/indusoft_webstudio_exec,[]
20171,exploits/windows/scada/yokogawa_bkhodeq_bof,[]
912,exploits/windows/scada/realwin_scpc_initialize_rf,[]
8080,exploits/windows/scada/codesys_web_server,[]
2001,exploits/windows/scada/sunway_force_control_netdbsrv,[]
912,exploits/windows/scada/realwin_scpc_initialize,[]
20034,exploits/windows/scada/daq_factory_bof,[DHCP]
7579,exploits/windows/scada/factorylink_vrn_09,[]
46823,exploits/windows/scada/winlog_runtime,[]
20222,exploits/windows/scada/citect_scada_odbc,[]
912,exploits/windows/scada/realwin_scpc_txtevent,[]
910,exploits/windows/scada/realwin,[]
1211,exploits/windows/scada/codesys_gateway_server_traversal,[]
20010,exploits/windows/scada/yokogawa_bkfsim_vhfd,[]
34205,exploits/windows/scada/yokogawa_bkesimmgr_bof,[]
3306,exploits/windows/mysql/mysql_yassl_hello,[]
1521,exploits/windows/oracle/tns_auth_sesskey,[]
10000,exploits/windows/oracle/osb_ndmp_auth,[]
1521,exploits/windows/oracle/tns_service_name,[]
1521,exploits/windows/oracle/tns_arguments,[]
1158,exploits/windows/oracle/client_system_analyzer_upload,[]
13500,exploits/windows/lpd/wincomlpd_admin,[]
515,exploits/windows/lpd/saplpd,[]
515,exploits/windows/lpd/niprint,[]
515,exploits/windows/lpd/hummingbird_exceed,[]
80,exploits/windows/iis/ms01_026_dbldecode,[]
80,exploits/windows/iis/ms02_018_htr,[]
80,exploits/windows/iis/ms01_033_idq,[]
80,exploits/windows/iis/ms01_023_printer,[]
25,exploits/windows/smtp/njstar_smtp_bof,[]
25,exploits/windows/smtp/mailcarrier_smtp_ehlo,[]
25,exploits/windows/smtp/mercury_cram_md5,[]
25,exploits/windows/smtp/wmailserver,[]
25,exploits/windows/smtp/ms03_046_exchange2000_xexch50,[]
143,exploits/windows/imap/mercury_login,[]
143,exploits/windows/imap/novell_netmail_auth,[]
143,exploits/windows/imap/mercur_login,[]
143,exploits/windows/imap/mailenable_login,[]
1434,exploits/windows/mssql/ms02_039_slammer,[]
21,exploits/windows/ftp/ability_server_stor,[]
21,exploits/windows/ftp/sami_ftpd_user,[]
21,exploits/windows/ftp/dreamftp_format,[]
21,exploits/windows/ftp/httpdx_tolog_format,[]
2100,exploits/windows/ftp/oracle9i_xdb_ftp_pass,[]
5554,exploits/windows/ftp/sasser_ftpd_port,[]
2100,exploits/windows/ftp/oracle9i_xdb_ftp_unlock,[]
21,exploits/windows/ftp/ms09_053_ftpd_nlst,[]
21,exploits/windows/ftp/comsnd_ftpd_fmtstr,[]
21,exploits/windows/ftp/vermillion_ftpd_port,[]
5466,exploits/windows/ftp/wing_ftp_admin_exec,[USERNAME+PASSWORD]
26000,exploits/windows/games/racer_503beta5,[]
7787,exploits/windows/games/ut2004_secure,[]
12203,exploits/windows/games/mohaa_getinfo,[]
23,exploits/windows/proxy/ccproxy_telnet_ping,[]
80,exploits/windows/proxy/qbik_wingate_wwwproxy,[]
3128,exploits/windows/proxy/proxypro_http_get,[]
80,exploits/windows/proxy/bluecoat_winproxy_host,[]
62514,exploits/windows/vpn/safenet_ike_11,[]
5168,exploits/windows/antivirus/trendmicro_serverprotect_createbinding,[]
38292,exploits/windows/antivirus/symantec_iao,[]
2967,exploits/windows/antivirus/symantec_rtvscan,[]
38292,exploits/windows/antivirus/ams_hndlrsvc,[]
9090,exploits/windows/antivirus/symantec_endpoint_manager_rce,[]
5168,exploits/windows/antivirus/trendmicro_serverprotect,[]
12174,exploits/windows/antivirus/ams_xfr,[]
9855,exploits/windows/antivirus/symantec_workspace_streaming_exec,[]
3628,exploits/windows/antivirus/trendmicro_serverprotect_earthagent,[]
42,exploits/windows/wins/ms04_045_wins,[]
22,exploits/windows/ssh/freesshd_authbypass,[]
22,exploits/windows/ssh/freeftpd_key_exchange,[]
22,exploits/windows/ssh/freesshd_key_exchange,[]
3037,exploits/windows/novell/file_reporter_fsfui_upload,[]
998,exploits/windows/novell/zenworks_preboot_op21_bof,[]
443,exploits/windows/novell/netiq_pum_eval,[]
998,exploits/windows/novell/zenworks_preboot_op6_bof,[]
998,exploits/windows/novell/zenworks_preboot_op6c_bof,[]
998,exploits/windows/novell/zenworks_preboot_op4c_bof,[]
689,exploits/windows/novell/nmap_stor,[]
5800,exploits/windows/vnc/winvnc_http_get,[]
0,exploits/windows/dcerpc/ms07_029_msdns_zonename,[]
2103,exploits/windows/dcerpc/ms07_065_msmq,[DNAME]
2103,exploits/windows/dcerpc/ms05_017_msmq,[HNAME]
407,exploits/windows/motorola/timbuktu_fileupload,[]
445,exploits/windows/smb/ms09_050_smb2_negotiate_func_index,[]
110,exploits/windows/pop3/seattlelab_pass,[]
1533,exploits/windows/lotus/domino_sametime_stmux,[]
25,exploits/windows/lotus/domino_icalendar_organizer,[MAILFROM+MAILTO]
1755,exploits/windows/mmsp/ms10_025_wmss_connect_funnel,[]
9999,exploits/windows/http/maxdb_webdbm_database,[]
8800,exploits/windows/http/nowsms,[]
8020,exploits/windows/http/desktopcentral_statusupdate_upload,[]
8080,exploits/windows/http/hp_loadrunner_copyfiletoserver,[]
9999,exploits/windows/http/maxdb_webdbm_get_overflow,[]
8080,exploits/windows/http/hp_imc_mibfileupload,[]
18881,exploits/windows/http/integard_password_bof,[]
9999,exploits/windows/http/sapdb_webtools,[]
8080,exploits/windows/http/easyftp_list,[]
8090,exploits/windows/http/trackercam_phparg_overflow,[]
443,exploits/windows/http/vmware_vcenter_chargeback_upload,[]
8008,exploits/windows/http/edirectory_imonitor,[]
443,exploits/windows/http/ibm_tpmfosd_overflow,[]
7001,exploits/windows/http/oracle_btm_writetofile,[]
8000,exploits/windows/http/icecast_header,[]
5250,exploits/windows/http/ca_igateway_debug,[]
80,exploits/windows/http/sysax_create_folder,[]
50000,exploits/windows/http/sap_configservlet_exec_noauth,[]
80,exploits/windows/http/shttpd_post,[]
9788,exploits/windows/http/lexmark_markvision_gfd_upload,[]
8000,exploits/windows/http/steamcast_useragent,[]
8028,exploits/windows/http/edirectory_host,[]
80,exploits/windows/http/sambar6_search_results,[]
8080,exploits/windows/http/zenworks_assetmgmt_uploadservlet,[]
9002,exploits/windows/http/oracle_event_processing_upload,[]
8000,exploits/windows/http/shoutcast_format,[]
80,exploits/windows/http/xitami_if_mod_since,[]
8000,exploits/windows/http/miniweb_upload_wbem,[]
443,exploits/windows/http/hp_pcm_snac_update_domain,[]
443,exploits/windows/http/osb_uname_jlist,[]
1000,exploits/windows/http/altn_webadmin,[]
8080,exploits/windows/http/jira_collector_traversal,[]
80,exploits/windows/http/servu_session_cookie,[]
81,exploits/windows/http/mcafee_epolicy_source,[]
8020,exploits/windows/http/desktopcentral_file_upload,[]
8080,exploits/windows/http/oracle9i_xdb_pass,[]
8080,exploits/windows/http/psoproxy91_overflow,[]
8000,exploits/windows/http/ezserver_http,[]
57772,exploits/windows/http/intersystems_cache,[]
8080,exploits/windows/http/ericom_access_now_bof,[]
7770,exploits/windows/http/oracle_endeca_exec,[]
8014,exploits/windows/http/ca_arcserve_rpc_authbypass,[]
443,exploits/windows/http/hp_pcm_snac_update_certificates,[]
8080,exploits/windows/http/novell_imanager_upload,[]
80,exploits/windows/http/bea_weblogic_jsessionid,[]
8080,exploits/windows/http/adobe_robohelper_authbypass,[]
8080,exploits/windows/http/hp_imc_bims_upload,[]
7144,exploits/windows/http/peercast_url,[]
80,exploits/windows/http/amlibweb_webquerydll_app,[]
8080,exploits/windows/http/trendmicro_officescan,[]
3000,exploits/windows/http/mdaemon_worldclient_form2raw,[]
9495,exploits/windows/http/ibm_tivoli_endpoint_bof,[]
34443,exploits/windows/http/ca_totaldefense_regeneratereports,[]
1581,exploits/windows/http/ibm_tsm_cad_header,[]
8080,exploits/windows/http/hp_sitescope_runomagentcommand,[]
8300,exploits/windows/http/novell_messenger_acceptlang,[]
80,exploits/windows/http/apache_modjk_overflow,[]
8080,exploits/windows/http/sybase_easerver,[]
80,exploits/windows/http/hp_nnm_openview5,[]
80,exploits/windows/http/navicopa_get_overflow,[]
5814,exploits/windows/http/hp_autopass_license_traversal,[]
1128,exploits/windows/http/sap_host_control_cmd_exec,[]
7510,exploits/windows/http/hp_nnm_ovas,[]
9090,exploits/windows/http/manageengine_apps_mngr,[]
4000,exploits/windows/http/altn_securitygateway,[]
5093,exploits/windows/license/sentinel_lm7_udp,[]
10203,exploits/windows/license/calicclnt_getconfig,[]
10202,exploits/windows/license/calicserv_getconfig,[]
27000,exploits/windows/license/flexnet_lmgrd_bof,[]
1900,exploits/windows/brightstor/lgserver_rxsuselicenseini,[]
6050,exploits/windows/brightstor/universal_agent,[]
6070,exploits/windows/brightstor/sql_agent,[]
6504,exploits/windows/brightstor/message_engine_72,[]
10202,exploits/windows/brightstor/license_gcr,[]
6502,exploits/windows/brightstor/tape_engine,[]
1900,exploits/windows/brightstor/lgserver_rxssetdatagrowthscheduleandfilter,[]
41524,exploits/windows/brightstor/discovery_udp,[]
6503,exploits/windows/brightstor/message_engine_heap,[]
6504,exploits/windows/brightstor/ca_arcserve_342,[HNAME]
41523,exploits/windows/brightstor/discovery_tcp,[]
6503,exploits/windows/brightstor/message_engine,[]
1900,exploits/windows/brightstor/lgserver,[]
1900,exploits/windows/brightstor/lgserver_multi,[]
2000,exploits/windows/brightstor/hsmserver,[]
1900,exploits/windows/brightstor/lgserver_rxrlogin,[]
6502,exploits/windows/brightstor/tape_engine_0x8a,[]
3000,exploits/windows/emc/alphastor_device_manager_exec,[]
41025,exploits/windows/emc/alphastor_agent,[]
6542,exploits/windows/emc/replication_manager_exec,[]
44334,exploits/windows/firewall/kerio_auth,[]
1,exploits/windows/firewall/blackice_pam_icq,[]
7777,exploits/windows/backdoor/energizer_duo_payload,[]
5555,exploits/windows/misc/hp_dataprotector_exec_bar,[]
5555,exploits/windows/misc/hp_omniinet_2,[]
514,exploits/windows/misc/windows_rsh,[]
6905,exploits/windows/misc/citrix_streamprocess_data_msg,[]
10616,exploits/windows/misc/eiqnetworks_esa,[]
6988,exploits/windows/misc/ibm_director_cim_dllinject,[]
3460,exploits/windows/misc/poisonivy_bof,[]
16102,exploits/windows/misc/bcaaa_bof,[]
443,exploits/windows/misc/hp_loadrunner_magentproc,[]
6660,exploits/windows/misc/bigant_server_250,[]
3050,exploits/windows/misc/fb_isc_attach_database,[]
4659,exploits/windows/misc/avidphoneticindexer,[]
705,exploits/windows/misc/agentxpp_receive_agentx,[]
1100,exploits/windows/misc/doubletake,[]
30000,exploits/windows/misc/solidworks_workgroup_pdmwservice_file_write,[]
6905,exploits/windows/misc/citrix_streamprocess,[]
3050,exploits/windows/misc/borland_interbase,[]
6905,exploits/windows/misc/citrix_streamprocess_get_objects,[]
5498,exploits/windows/misc/ibm_cognos_tm1admsd_bof,[]
113,exploits/windows/misc/tiny_identd_overflow,[]
5555,exploits/windows/misc/hp_omniinet_1,[]
6661,exploits/windows/misc/bigant_server_sch_dupf_bof,[]
5555,exploits/windows/misc/hp_dataprotector_traversal,[]
3817,exploits/windows/misc/hp_dataprotector_new_folder,[]
7414,exploits/windows/misc/nvidia_mental_ray,[]
11000,exploits/windows/misc/bomberclone_overflow,[]
3050,exploits/windows/misc/ib_isc_create_database,[]
1582,exploits/windows/misc/ibm_tsm_rca_dicugetidentify,[]
20031,exploits/windows/misc/bakbone_netvault_heap,[]
6080,exploits/windows/misc/bigant_server,[]
2000,exploits/windows/misc/shixxnote_font,[]
3817,exploits/windows/misc/hp_dataprotector_dtbclslogin,[]
5555,exploits/windows/misc/hp_dataprotector_cmd_exec,[]
3217,exploits/windows/misc/avaya_winpmd_unihostrouter,[]
514,exploits/windows/misc/enterasys_netsight_syslog_bof,[]
9256,exploits/windows/misc/achat_bof,[]
888,exploits/windows/misc/allmediaserver_bof,[]
19810,exploits/windows/misc/bopup_comm,[]
3050,exploits/windows/misc/fb_isc_create_database,[]
5555,exploits/windows/misc/hp_omniinet_3,[]
5555,exploits/windows/misc/hp_omniinet_4,[]
3057,exploits/windows/misc/borland_starteam,[]
20101,exploits/windows/misc/trendmicro_cmdprocessor_addtask,[]
6905,exploits/windows/misc/citrix_streamprocess_get_footer,[]
3200,exploits/windows/misc/sap_netweaver_dispatcher,[]
65535,exploits/windows/misc/landesk_aolnsrvr,[]
623,exploits/windows/misc/asus_dpcproxy_overflow,[]
1811,exploits/windows/misc/hp_imc_uam,[]
8082,exploits/windows/misc/ms10_104_sharepoint,[]
23472,exploits/windows/misc/hp_magentservice,[]
22222,exploits/windows/misc/nettransport,[]
10008,exploits/windows/misc/gimp_script_fu,[]
6661,exploits/windows/misc/bigant_server_dupf_upload,[]
8001,exploits/windows/misc/lianja_db_net,[]
6905,exploits/windows/misc/citrix_streamprocess_get_boot_record_request,[]
1582,exploits/windows/misc/ibm_tsm_cad_ping,[]
3050,exploits/windows/misc/fb_cnct_group,[]
30000,exploits/windows/misc/sap_2005_license,[]
3050,exploits/windows/misc/ib_svc_attach,[]
10628,exploits/windows/misc/eiqnetworks_esa_topology,[]
402,exploits/windows/misc/altiris_ds_sqli,[]
6660,exploits/windows/misc/bigant_server_usv,[]
105,exploits/windows/misc/mercury_phonebook,[]
3050,exploits/windows/misc/ib_isc_attach_database,[]
3050,exploits/windows/misc/fb_svc_attach,[]
5051,exploits/windows/misc/hp_ovtrace,[]
10000,exploits/windows/backupexec/remote_agent,[]
6101,exploits/windows/backupexec/name_service,[]
2380,exploits/windows/telnet/goodtech_telnet,[]
23,exploits/windows/telnet/gamsoft_telsrv_username,[]
389,exploits/windows/ldap/imail_thc,[]
389,exploits/windows/ldap/pgp_keyserver7,[]
111,exploits/netware/sunrpc/pkernel_callit,[]
21,exploits/freebsd/ftp/proftp_telnet_iac,[]
139,exploits/freebsd/samba/trans2open,[]
49,exploits/freebsd/tacacs/xtacacsd_report,[]
1723,exploits/linux/pptp/poptop_negative_read,[]
3306,exploits/linux/mysql/mysql_yassl_getname,[]
3306,exploits/linux/mysql/mysql_yassl_hello,[]
25,exploits/linux/smtp/exim_gethostbyname_bof,[]
21,exploits/linux/ftp/proftp_telnet_iac,[]
7787,exploits/linux/games/ut2004_secure,[]
10080,exploits/linux/antivirus/escan_password_exec,[]
22,exploits/linux/ssh/quantum_vmpro_backdoor,[]
22,exploits/linux/ssh/loadbalancerorg_enterprise_known_privkey,[]
22,exploits/linux/ssh/f5_bigip_known_privkey,[]
22,exploits/linux/ssh/symantec_smg_ssh,[]
22,exploits/linux/ssh/quantum_dxi_known_privkey,[]
110,exploits/linux/pop3/cyrus_pop3d_popsubfolders,[]
2381,exploits/linux/http/hp_system_management,[]
49152,exploits/linux/http/dlink_upnp_exec_noauth,[]
7443,exploits/linux/http/pineapp_ldapsyncnow_exec,[]
7443,exploits/linux/http/pineapp_livelog_exec,[]
8023,exploits/linux/http/pandora_fms_exec,[]
443,exploits/linux/http/sophos_wpa_iface_exec,[]
2947,exploits/linux/http/gpsd_format_string,[]
444,exploits/linux/http/zen_load_balancer_exec,[]
7778,exploits/linux/http/kloxo_sqli,[]
5000,exploits/linux/http/synology_dsm_sliceupload_exec_noauth,[]
446,exploits/linux/http/openfiler_networkcard_exec,[]
443,exploits/linux/http/alienvault_sqli_exec,[]
80,exploits/linux/http/mutiny_frontend_upload,[]
443,exploits/linux/http/lifesize_uvc_ping_rce,[]
443,exploits/linux/http/f5_icontrol_exec,[]
7144,exploits/linux/http/peercast_url,[]
443,exploits/linux/http/foreman_openstack_satellite_code_exec,[]
443,exploits/linux/http/netgear_readynas_exec,[]
8080,exploits/linux/http/zenoss_showdaemonxmlconfig_exec,[]
443,exploits/linux/http/alcatel_omnipcx_mastercgi_exec,[]
7443,exploits/linux/http/pineapp_test_li_conn_exec,[]
443,exploits/linux/http/sophos_wpa_sblistpack_exec,[]
443,exploits/linux/http/cfme_manageiq_evm_upload_exec,[]
139,exploits/linux/samba/trans2open,[]
139,exploits/linux/samba/chain_reply,[]
1900,exploits/linux/upnp/dlink_upnp_msearch_exec,[]
5555,exploits/linux/upnp/miniupnpd_soap_bof,[]
5405,exploits/linux/misc/netsupport_manager_agent,[]
10051,exploits/linux/misc/zabbix_server_exec,[]
27017,exploits/linux/misc/mongod_native_helper,[]
3050,exploits/linux/misc/ib_jrd8_create_database,[]
32764,exploits/linux/misc/sercomm_exec,[]
515,exploits/linux/misc/lprng_format_string,[]
2207,exploits/linux/misc/hplip_hpssd_exec,[]
524,exploits/linux/misc/novell_edirectory_ncp_bof,[]
3050,exploits/linux/misc/ib_open_marker_file,[]
5555,exploits/linux/misc/hp_data_protector_cmd_exec,[]
8812,exploits/linux/misc/accellion_fta_mpipe2,[]
3050,exploits/linux/misc/ib_inet_connect,[]
7426,exploits/linux/misc/hp_nnmi_pmd_bof,[]
5666,exploits/linux/misc/nagios_nrpe_arguments,[]
2525,exploits/linux/misc/gld_postfix,[]
554,exploits/linux/misc/hikvision_rtsp_bof,[]
3050,exploits/linux/misc/ib_pwd_db_aliased,[]
40007,exploits/linux/ids/alienvault_centerd_soap_exec,[]
9080,exploits/linux/ids/snortbopre,[]
6112,exploits/solaris/dtspcd/heap_noir,[]
515,exploits/solaris/lpd/sendmail_exec,[]
139,exploits/solaris/samba/trans2open,[]
23,exploits/solaris/telnet/fuser,[]
23,exploits/solaris/telnet/ttyprompt,[]
6667,exploits/unix/irc/unreal_ircd_3281_backdoor,[]
21,exploits/unix/ftp/vsftpd_234_backdoor,[]
22,exploits/unix/ssh/tectia_passwd_changereq,[]
22,exploits/unix/ssh/array_vxag_vapv_privkey_privesc,[]
80,exploits/unix/http/contentkeeperweb_mimencode,[]
783,exploits/unix/misc/spamassassin_exec,[]
3632,exploits/unix/misc/distcc_exec,[]
8000,exploits/unix/misc/qnx_qconn_exec,[]
10050,exploits/unix/misc/zabbix_agent_exec,[]
9100,exploits/unix/misc/xerox_mfp,[]
443,exploits/unix/webapp/tuleap_unserialize_exec,[]
7071,exploits/unix/webapp/zimbra_lfi,[]
8899,exploits/unix/webapp/oracle_vm_agent_utl,[]
1220,exploits/unix/webapp/qtss_parse_xml_exec,[]
443,exploits/unix/webapp/citrix_access_gateway_exec,[]
10000,exploits/unix/webapp/webmin_show_cgi_exec,[]
22,exploits/apple_ios/ssh/cydia_default_ssh,[]
10001,auxiliary/admin/zend/java_bridge,[]
7210,auxiliary/admin/maxdb/maxdb_cons_exec,[]
69,auxiliary/admin/tftp/tftp_transfer_util,[]
21,auxiliary/admin/cisco/vpn_3000_ftp_bypass,[]
443,auxiliary/admin/cisco/cisco_secure_acs_bypass,[USERNAME+PASSWORD]
8008,auxiliary/admin/firetv/firetv_youtube,[]
502,auxiliary/admin/scada/modicon_command,[]
20111,auxiliary/admin/scada/yokogawa_bkbcopyd_client,[]
502,auxiliary/admin/scada/modicon_stux_transfer,[]
44818,auxiliary/admin/scada/multi_cip_command,[]
80,auxiliary/admin/scada/ge_proficy_substitute_traversal,[]
21,auxiliary/admin/scada/modicon_password_recovery,[]
443,auxiliary/admin/oracle/osb_execqr,[]
443,auxiliary/admin/oracle/osb_execqr3,[]
1521,auxiliary/admin/oracle/tnscmd,[]
1521,auxiliary/admin/oracle/sid_brute,[]
443,auxiliary/admin/oracle/osb_execqr2,[]
8080,auxiliary/admin/hp/hp_imc_som_create_account,[]
5555,auxiliary/admin/hp/hp_data_protector_cmd,[]
8008,auxiliary/admin/chromecast/chromecast_reset,[]
8008,auxiliary/admin/chromecast/chromecast_youtube,[]
80,auxiliary/admin/motorola/wr850g_cred,[]
9000,auxiliary/admin/http/axigen_file_access,[]
7272,auxiliary/admin/http/manageengine_pmp_privesc,[]
80,auxiliary/admin/http/mutiny_frontend_read_delete,[PATH]
8080,auxiliary/admin/http/jboss_bshdeployer,[]
8180,auxiliary/admin/http/tomcat_administration,[]
443,auxiliary/admin/http/sophos_wpa_traversal,[]
80,auxiliary/admin/http/linksys_wrt54gl_exec,[]
8080,auxiliary/admin/http/netflow_file_download,[]
443,auxiliary/admin/http/cfme_manageiq_evm_pass_reset,[]
3780,auxiliary/admin/http/nexpose_xxe_file_read,[]
8503,auxiliary/admin/http/typo3_winstaller_default_enc_keys,[]
8080,auxiliary/admin/http/jboss_deploymentfilerepository,[]
8080,auxiliary/admin/http/tomcat_utf8_traversal,[]
80,auxiliary/admin/http/dlink_dir_300_600_exec_noauth,[]
443,auxiliary/admin/http/katello_satellite_priv_esc,[]
8000,auxiliary/admin/http/hp_web_jetadmin_exec,[]
3037,auxiliary/admin/http/novell_file_reporter_filedelete,[]
8443,auxiliary/admin/http/trendmicro_dlp_traversal,[]
80,auxiliary/admin/http/manageengine_dir_listing,[]
8080,auxiliary/admin/http/jboss_seam_exec,[]
80,auxiliary/admin/http/manageengine_file_download,[]
443,auxiliary/admin/http/foreman_openstack_satellite_priv_esc,[NEWEMAIL]
5168,auxiliary/admin/serverprotect/file,[]
3000,auxiliary/admin/emc/alphastor_devicemanager_exec,[]
3500,auxiliary/admin/emc/alphastor_librarymanager_exec,[]
0,auxiliary/admin/ms/ms08_059_his2006,[]
443,auxiliary/admin/vmware/terminate_esx_sessions,[]
443,auxiliary/admin/vmware/poweron_vm,[VM]
443,auxiliary/admin/vmware/poweroff_vm,[VM]
443,auxiliary/admin/vmware/tag_vm,[VM]
32764,auxiliary/admin/misc/sercomm_dump_config,[]
10000,auxiliary/admin/webmin/edit_html_fileaccess,[]
10000,auxiliary/admin/webmin/file_disclosure,[]
6106,auxiliary/admin/backupexec/registry,[]
10000,auxiliary/admin/backupexec/dump,[]
26122,auxiliary/admin/officescan/tmlisten_traversal,[]
8030,auxiliary/admin/edirectory/edirectory_dhost_cookie,[]
8028,auxiliary/admin/edirectory/edirectory_edirutil,[]
7000,auxiliary/admin/appletv/appletv_display_image,[]
7000,auxiliary/admin/appletv/appletv_display_video,[URL]
50000,auxiliary/admin/sap/sap_configservlet_exec_noauth,[]
50013,auxiliary/admin/sap/sap_mgmt_con_osexec,[USERNAME+PASSWORD]
5060,auxiliary/scanner/sip/enumerator,[]
5060,auxiliary/scanner/sip/options_tcp,[]
5060,auxiliary/scanner/sip/enumerator_tcp,[]
5060,auxiliary/scanner/sip/options,[]
27960,auxiliary/scanner/quake/server_info,[]
9200,auxiliary/scanner/elasticsearch/indices_enum,[]
1720,auxiliary/scanner/h323/h323_version,[]
5631,auxiliary/scanner/pcanywhere/pcanywhere_login,[]
5631,auxiliary/scanner/pcanywhere/pcanywhere_tcp,[]
5632,auxiliary/scanner/pcanywhere/pcanywhere_udp,[]
623,auxiliary/scanner/ipmi/ipmi_version,[]
623,auxiliary/scanner/ipmi/ipmi_cipher_zero,[]
623,auxiliary/scanner/ipmi/ipmi_dumphashes,[]
3790,auxiliary/scanner/msf/msf_web_login,[]
55553,auxiliary/scanner/msf/msf_rpc_login,[]
5432,auxiliary/scanner/postgres/postgres_dbname_flag_injection,[]
69,auxiliary/scanner/tftp/tftpbrute,[]
69,auxiliary/scanner/tftp/netdecision_tftp,[]
69,auxiliary/scanner/tftp/ipswitch_whatsupgold_tftp,[]
2362,auxiliary/scanner/scada/digi_addp_version,[]
2362,auxiliary/scanner/scada/digi_addp_reboot,[]
502,auxiliary/scanner/scada/modbusclient,[]
28784,auxiliary/scanner/scada/koyo_login,[]
502,auxiliary/scanner/scada/modbusdetect,[]
502,auxiliary/scanner/scada/modbus_findunitid,[]
46824,auxiliary/scanner/scada/sielco_winlog_fileaccess,[]
161,auxiliary/scanner/snmp/snmp_login,[]
512,auxiliary/scanner/rservices/rexec_login,[]
513,auxiliary/scanner/rservices/rlogin_login,[]
514,auxiliary/scanner/rservices/rsh_login,[]
3306,auxiliary/scanner/mysql/mysql_version,[]
443,auxiliary/scanner/ssl/openssl_ccs,[]
443,auxiliary/scanner/ssl/openssl_heartbleed,[]
1521,auxiliary/scanner/oracle/tnslsnr_version,[]
5560,auxiliary/scanner/oracle/isqlplus_sidbrute,[]
1521,auxiliary/scanner/oracle/tnspoison_checker,[]
1158,auxiliary/scanner/oracle/emc_sid,[]
1521,auxiliary/scanner/oracle/sid_brute,[]
8080,auxiliary/scanner/oracle/xdb_sid_brute,[]
5560,auxiliary/scanner/oracle/isqlplus_login,[]
1158,auxiliary/scanner/oracle/spy_sid,[]
8080,auxiliary/scanner/oracle/xdb_sid,[]
1521,auxiliary/scanner/oracle/sid_enum,[]
8834,auxiliary/scanner/nessus/nessus_xmlrpc_login,[]
8834,auxiliary/scanner/nessus/nessus_xmlrpc_ping,[]
1241,auxiliary/scanner/nessus/nessus_ntp_login,[]
25,auxiliary/scanner/smtp/smtp_ntlm_domain,[]
25,auxiliary/scanner/smtp/smtp_enum,[]
523,auxiliary/scanner/db2/discovery,[]
873,auxiliary/scanner/rsync/modules_list,[]
21,auxiliary/scanner/ftp/titanftp_xcrc_traversal,[]
21,auxiliary/scanner/ftp/anonymous,[]
21,auxiliary/scanner/ftp/ftp_version,[]
21,auxiliary/scanner/ftp/ftp_login,[]
2067,auxiliary/scanner/dlsw/dlsw_leak_capture,[]
3780,auxiliary/scanner/nexpose/nexpose_api_login,[]
5984,auxiliary/scanner/couchdb/couchdb_login,[]
5984,auxiliary/scanner/couchdb/couchdb_enum,[]
6000,auxiliary/scanner/x11/open_x11,[]
22,auxiliary/scanner/ssh/ssh_login,[]
22,auxiliary/scanner/ssh/ssh_enumusers,[]
22,auxiliary/scanner/ssh/ssh_version,[]
22,auxiliary/scanner/ssh/detect_kippo,[]
22,auxiliary/scanner/ssh/ssh_identify_pubkeys,[]
22,auxiliary/scanner/ssh/cerberus_sftp_enumusers,[]
22,auxiliary/scanner/ssh/ssh_login_pubkey,[KEY_PATH]
5900,auxiliary/scanner/vnc/vnc_login,[]
5900,auxiliary/scanner/vnc/vnc_none_auth,[]
5040,auxiliary/scanner/dcerpc/windows_deployment_services,[]
135,auxiliary/scanner/dcerpc/management,[]
135,auxiliary/scanner/dcerpc/tcp_dcerpc_auditor,[]
135,auxiliary/scanner/dcerpc/endpoint_mapper,[]
407,auxiliary/scanner/motorola/timbuktu_udp,[]
445,auxiliary/scanner/smb/smb2,[]
110,auxiliary/scanner/pop3/pop3_login,[]
110,auxiliary/scanner/pop3/pop3_version,[]
8080,auxiliary/scanner/http/open_proxy,[UserAgent]
4848,auxiliary/scanner/http/glassfish_login,[]
80,auxiliary/scanner/http/buffalo_login,[]
8080,auxiliary/scanner/http/axis_login,[]
80,auxiliary/scanner/http/zabbix_login,[]
8080,auxiliary/scanner/http/hp_imc_bims_downloadservlet_traversal,[]
443,auxiliary/scanner/http/cisco_nac_manager_traversal,[]
8080,auxiliary/scanner/http/zenworks_assetmanagement_getconfig,[]
443,auxiliary/scanner/http/chef_webui_login,[]
8222,auxiliary/scanner/http/vmware_server_dir_trav,[]
8080,auxiliary/scanner/http/tomcat_enum,[]
8008,auxiliary/scanner/http/chromecast_webserver,[]
8080,auxiliary/scanner/http/tomcat_mgr_login,[]
443,auxiliary/scanner/http/cisco_ssl_vpn_priv_esc,[]
443,auxiliary/scanner/http/cisco_ssl_vpn,[]
8080,auxiliary/scanner/http/sap_businessobjects_user_enum,[]
8080,auxiliary/scanner/http/yaws_traversal,[]
6060,auxiliary/scanner/http/manageengine_deviceexpert_user_creds,[]
8000,auxiliary/scanner/http/splunk_web_login,[]
9084,auxiliary/scanner/http/vmware_update_manager_traversal,[]
8080,auxiliary/scanner/http/oracle_demantra_file_retrieval,[]
8888,auxiliary/scanner/http/openmind_messageos_login,[]
80,auxiliary/scanner/http/mybook_live_login,[]
443,auxiliary/scanner/http/cisco_ironport_enum,[]
8080,auxiliary/scanner/http/hp_sitescope_loadfilecontent_fileaccess,[]
3037,auxiliary/scanner/http/novell_file_reporter_srs_fileaccess,[]
80,auxiliary/scanner/http/s40_traversal,[]
80,auxiliary/scanner/http/gitlab_login,[]
443,auxiliary/scanner/http/oracle_ilom_login,[]
8080,auxiliary/scanner/http/hp_imc_faultdownloadservlet_traversal,[]
8080,auxiliary/scanner/http/zenworks_assetmanagement_fileaccess,[]
31001,auxiliary/scanner/http/titan_ftp_admin_pwd,[]
8095,auxiliary/scanner/http/atlassian_crowd_fileaccess,[]
80,auxiliary/scanner/http/wordpress_xmlrpc_login,[]
49152,auxiliary/scanner/http/smt_ipmi_49152_exposure,[]
8080,auxiliary/scanner/http/hp_sitescope_getfileinternal_fileaccess,[]
6060,auxiliary/scanner/http/manageengine_deviceexpert_traversal,[]
4444,auxiliary/scanner/http/sockso_traversal,[]
443,auxiliary/scanner/http/http_hsts,[]
8080,auxiliary/scanner/http/hp_sitescope_getsitescopeconfiguration,[]
8000,auxiliary/scanner/http/sybase_easerver_traversal,[]
8080,auxiliary/scanner/http/sap_businessobjects_user_brute,[]
443,auxiliary/scanner/http/ssl,[]
80,auxiliary/scanner/http/mediawiki_svg_fileaccess,[]
85,auxiliary/scanner/http/wangkongbao_traversal,[]
8080,auxiliary/scanner/http/jenkins_login,[]
80,auxiliary/scanner/http/concrete5_member_list,[]
8000,auxiliary/scanner/http/barracuda_directory_traversal,[]
443,auxiliary/scanner/http/infovista_enum,[]
8080,auxiliary/scanner/http/jboss_status,[]
8087,auxiliary/scanner/http/netdecision_traversal,[]
8080,auxiliary/scanner/http/support_center_plus_directory_traversal,[]
443,auxiliary/scanner/http/cert,[]
8080,auxiliary/scanner/http/axis_local_file_include,[]
8080,auxiliary/scanner/http/wildfly_traversal,[]
8080,auxiliary/scanner/http/hp_imc_reportimgservlt_traversal,[]
443,auxiliary/scanner/http/smt_ipmi_static_cert_scanner,[]
8080,auxiliary/scanner/http/sap_businessobjects_version_enum,[]
8080,auxiliary/scanner/http/oracle_demantra_database_credentials_leak,[]
8161,auxiliary/scanner/http/apache_activemq_source_disclosure,[]
6405,auxiliary/scanner/http/sap_businessobjects_user_brute_web,[]
41080,auxiliary/scanner/http/symantec_brightmail_logfile,[]
8080,auxiliary/scanner/http/hp_imc_som_file_download,[]
7181,auxiliary/scanner/http/groupwise_agents_http_traversal,[]
8400,auxiliary/scanner/http/adobe_xml_inject,[]
443,auxiliary/scanner/http/cisco_asa_asdm,[]
3037,auxiliary/scanner/http/novell_file_reporter_fsfui_fileaccess,[]
8161,auxiliary/scanner/http/apache_activemq_traversal,[]
8080,auxiliary/scanner/http/hp_imc_ictdownloadservlet_traversal,[]
80,auxiliary/scanner/ip/ipidseq,[]
3000,auxiliary/scanner/emc/alphastor_devicemanager,[]
3500,auxiliary/scanner/emc/alphastor_librarymanager,[]
17185,auxiliary/scanner/vxworks/wdbrpc_version,[]
17185,auxiliary/scanner/vxworks/wdbrpc_bootline,[]
19,auxiliary/scanner/chargen/chargen_probe,[]
27017,auxiliary/scanner/mongodb/mongodb_login,[]
7777,auxiliary/scanner/backdoor/energizer_duo_detect,[]
12345,auxiliary/scanner/udp_scanner_template,[]
1900,auxiliary/scanner/upnp/ssdp_msearch,[]
1900,auxiliary/scanner/upnp/ssdp_amp,[]
4672,auxiliary/scanner/kademlia/server_info,[]
902,auxiliary/scanner/vmware/vmauthd_login,[]
902,auxiliary/scanner/vmware/vmauthd_version,[]
443,auxiliary/scanner/vmware/vmware_http_login,[]
443,auxiliary/scanner/vmware/vmware_screenshot_stealer,[]
443,auxiliary/scanner/vmware/vmware_enum_users,[]
443,auxiliary/scanner/vmware/vmware_enum_vms,[]
443,auxiliary/scanner/vmware/vmware_enum_permissions,[]
443,auxiliary/scanner/vmware/esx_fingerprint,[]
443,auxiliary/scanner/vmware/vmware_host_details,[]
443,auxiliary/scanner/vmware/vmware_enum_sessions,[]
6379,auxiliary/scanner/misc/redis_server,[]
32764,auxiliary/scanner/misc/sercomm_backdoor_scanner,[]
13364,auxiliary/scanner/misc/rosewill_rxs3211_passwords,[]
998,auxiliary/scanner/misc/zenworks_preboot_fileaccess,[]
5920,auxiliary/scanner/misc/cctv_dvr_login,[]
3050,auxiliary/scanner/misc/ib_service_mgr_info,[]
1099,auxiliary/scanner/misc/java_rmi_server,[]
9000,auxiliary/scanner/misc/raysharp_dvr_passwords,[]
9390,auxiliary/scanner/openvas/openvas_omp_login,[]
9391,auxiliary/scanner/openvas/openvas_otp_login,[]
443,auxiliary/scanner/openvas/openvas_gsad_login,[]
30718,auxiliary/scanner/telnet/lantronix_telnet_password,[]
23,auxiliary/scanner/telnet/telnet_encrypt_overflow,[]
23,auxiliary/scanner/telnet/telnet_ruggedcom,[]
9999,auxiliary/scanner/telnet/lantronix_telnet_version,[]
23,auxiliary/scanner/telnet/telnet_version,[]
53,auxiliary/scanner/dns/dns_amp,[]
137,auxiliary/scanner/netbios/nbname_probe,[]
137,auxiliary/scanner/netbios/nbname,[]
79,auxiliary/scanner/finger/finger_users,[]
50000,auxiliary/scanner/sap/sap_ctc_verb_tampering_user_mgmt,[]
50013,auxiliary/scanner/sap/sap_mgmt_con_extractusers,[]
50013,auxiliary/scanner/sap/sap_mgmt_con_startprofile,[]
50013,auxiliary/scanner/sap/sap_mgmt_con_instanceproperties,[]
50013,auxiliary/scanner/sap/sap_mgmt_con_getprocessparameter,[]
8000,auxiliary/scanner/sap/sap_soap_rfc_brute_login,[]
50013,auxiliary/scanner/sap/sap_mgmt_con_brute_login,[]
50013,auxiliary/scanner/sap/sap_mgmt_con_getlogfiles,[]
1128,auxiliary/scanner/sap/sap_hostctrl_getcomputersystem,[]
3299,auxiliary/scanner/sap/sap_router_info_request,[]
50013,auxiliary/scanner/sap/sap_mgmt_con_abaplog,[]
8000,auxiliary/scanner/sap/sap_soap_rfc_sxpg_call_system_exec,[]
8000,auxiliary/scanner/sap/sap_soap_rfc_sxpg_command_exec,[]
8000,auxiliary/scanner/sap/sap_soap_th_saprel_disclosure,[]
8000,auxiliary/scanner/sap/sap_icf_public_info,[]
8000,auxiliary/scanner/sap/sap_web_gui_brute_login,[]
8000,auxiliary/scanner/sap/sap_soap_rfc_susr_rfc_user_interface,[]
8000,auxiliary/scanner/sap/sap_soap_rfc_ping,[]
50013,auxiliary/scanner/sap/sap_mgmt_con_version,[]
50013,auxiliary/scanner/sap/sap_mgmt_con_listlogfiles,[]
8000,auxiliary/scanner/sap/sap_soap_rfc_system_info,[]
50013,auxiliary/scanner/sap/sap_mgmt_con_getprocesslist,[]
8000,auxiliary/scanner/sap/sap_smb_relay,[LHOST]
8000,auxiliary/scanner/sap/sap_soap_rfc_read_table,[]
50013,auxiliary/scanner/sap/sap_mgmt_con_getaccesspoints,[]
50013,auxiliary/scanner/sap/sap_mgmt_con_getenv,[]
8000,auxiliary/scanner/sap/sap_soap_rfc_dbmcli_sxpg_command_exec,[]
8000,auxiliary/scanner/sap/sap_soap_bapi_user_create1,[]
8000,auxiliary/scanner/sap/sap_soap_rfc_eps_get_directory_listing,[]
5060,auxiliary/voip/sip_invite_spoof,[]
5060,auxiliary/voip/sip_deregister,[]
5038,auxiliary/voip/asterisk_login,[]
69,auxiliary/gather/d20pass,[]
8980,auxiliary/gather/opennms_xxe,[]
4679,auxiliary/gather/eaton_nsm_creds,[]
445,auxiliary/gather/windows_deployment_services_shares,[]
8787,auxiliary/gather/solarwinds_orion_sqli,[]
11211,auxiliary/gather/memcached_extractor,[]
443,auxiliary/gather/alienvault_newpolicyform_sqli,[]
5227,auxiliary/gather/hp_enum_perfd,[]
443,auxiliary/gather/hp_snac_domain_creds,[]
1604,auxiliary/gather/citrix_published_bruteforce,[]
443,auxiliary/gather/impersonate_ssl,[]
443,auxiliary/gather/emc_cta_xxe,[]
80,auxiliary/gather/coldfusion_pwd_props,[]
8008,auxiliary/gather/chromecast_wifi,[]
443,auxiliary/gather/ibm_sametime_version,[]
1604,auxiliary/gather/citrix_published_applications,[]
8080,auxiliary/gather/apache_rave_creds,[]
8443,auxiliary/gather/mcafee_epo_xxe,[]
8080,auxiliary/gather/xbmc_traversal,[]
443,auxiliary/gather/ibm_sametime_enumerate_users,[]
8400,auxiliary/gather/eventlog_cred_disclosure,[]
443,auxiliary/gather/alienvault_iso27001_sqli,[]
443,auxiliary/gather/ibm_sametime_room_brute,[DICT]
50001,auxiliary/gather/konica_minolta_pwd_extract,[]
264,auxiliary/gather/checkpoint_hostname,[]
